"http://www.semanticweb.org/in3067-inm713/restaurants#PizzaDippingSauceCup","http://www.semanticweb.org/in3067-inm713/restaurants#"
"http://www.semanticweb.org/in3067-inm713/restaurants#VeggiePizza","http://www.semanticweb.org/in3067-inm713/restaurants#"
"http://www.semanticweb.org/in3067-inm713/restaurants#LargeTheWorksPizza","http://www.semanticweb.org/in3067-inm713/restaurants#"
"http://www.semanticweb.org/in3067-inm713/restaurants#LargePepperoniPlusPizza","http://www.semanticweb.org/in3067-inm713/restaurants#"
"http://www.semanticweb.org/in3067-inm713/restaurants#BaconCheddarBurgerPizza","http://www.semanticweb.org/in3067-inm713/restaurants#"
"http://www.semanticweb.org/in3067-inm713/restaurants#PizzaSub","http://www.semanticweb.org/in3067-inm713/restaurants#"
"http://www.semanticweb.org/in3067-inm713/restaurants#CreatePizza","http://www.semanticweb.org/in3067-inm713/restaurants#"
"http://www.semanticweb.org/in3067-inm713/restaurants#PizzaSubDeluxe","http://www.semanticweb.org/in3067-inm713/restaurants#"
"http://www.semanticweb.org/in3067-inm713/restaurants#HowieSpecialPizza","http://www.semanticweb.org/in3067-inm713/restaurants#"
"http://www.semanticweb.org/in3067-inm713/restaurants#HowieMauiPizza","http://www.semanticweb.org/in3067-inm713/restaurants#"
"http://www.semanticweb.org/in3067-inm713/restaurants#TheWorksPizza","http://www.semanticweb.org/in3067-inm713/restaurants#"
"http://www.semanticweb.org/in3067-inm713/restaurants#MediumCheesePizza","http://www.semanticweb.org/in3067-inm713/restaurants#"
"http://www.semanticweb.org/in3067-inm713/restaurants#PhillyCheesesteakPizza","http://www.semanticweb.org/in3067-inm713/restaurants#"
"http://www.semanticweb.org/in3067-inm713/restaurants#MeatEatersPizza","http://www.semanticweb.org/in3067-inm713/restaurants#"
"http://www.semanticweb.org/in3067-inm713/restaurants#ChickenParmigianaPizza","http://www.semanticweb.org/in3067-inm713/restaurants#"
"http://www.semanticweb.org/in3067-inm713/restaurants#CheesePizza","http://www.semanticweb.org/in3067-inm713/restaurants#"
"http://www.semanticweb.org/in3067-inm713/restaurants#OldFashionPizza","http://www.semanticweb.org/in3067-inm713/restaurants#"
"http://www.semanticweb.org/in3067-inm713/restaurants#WhitePizza","http://www.semanticweb.org/in3067-inm713/restaurants#"
"http://www.semanticweb.org/in3067-inm713/restaurants#BltPizza","http://www.semanticweb.org/in3067-inm713/restaurants#"
"http://www.semanticweb.org/in3067-inm713/restaurants#ChickenWingPizza","http://www.semanticweb.org/in3067-inm713/restaurants#"
"http://www.semanticweb.org/in3067-inm713/restaurants#TacoPizza","http://www.semanticweb.org/in3067-inm713/restaurants#"
"http://www.semanticweb.org/in3067-inm713/restaurants#MargheritaPizza","http://www.semanticweb.org/in3067-inm713/restaurants#"
"http://www.semanticweb.org/in3067-inm713/restaurants#PizzaSteakSub","http://www.semanticweb.org/in3067-inm713/restaurants#"
"http://www.semanticweb.org/in3067-inm713/restaurants#PizzaFries","http://www.semanticweb.org/in3067-inm713/restaurants#"
"http://www.semanticweb.org/in3067-inm713/restaurants#TrentonTomatoPizza","http://www.semanticweb.org/in3067-inm713/restaurants#"
"http://www.semanticweb.org/in3067-inm713/restaurants#ChickenAlfredoPizza","http://www.semanticweb.org/in3067-inm713/restaurants#"
"http://www.semanticweb.org/in3067-inm713/restaurants#CheesesteakStuffedCheesePizza","http://www.semanticweb.org/in3067-inm713/restaurants#"
"http://www.semanticweb.org/in3067-inm713/restaurants#RancherPizza","http://www.semanticweb.org/in3067-inm713/restaurants#"
"http://www.semanticweb.org/in3067-inm713/restaurants#OldFashionTomatoPizza","http://www.semanticweb.org/in3067-inm713/restaurants#"
"http://www.semanticweb.org/in3067-inm713/restaurants#SicilianPizza","http://www.semanticweb.org/in3067-inm713/restaurants#"
"http://www.semanticweb.org/in3067-inm713/restaurants#CheesePizzaSlice","http://www.semanticweb.org/in3067-inm713/restaurants#"
"http://www.semanticweb.org/in3067-inm713/restaurants#HawaiianPizza","http://www.semanticweb.org/in3067-inm713/restaurants#"
"http://www.semanticweb.org/in3067-inm713/restaurants#PrimaveraPizza","http://www.semanticweb.org/in3067-inm713/restaurants#"
"http://www.semanticweb.org/in3067-inm713/restaurants#VegetarianPizza","http://www.semanticweb.org/in3067-inm713/restaurants#"
"http://www.semanticweb.org/in3067-inm713/restaurants#GrandmaPizza","http://www.semanticweb.org/in3067-inm713/restaurants#"
"http://www.semanticweb.org/in3067-inm713/restaurants#LargePizzaCheese","http://www.semanticweb.org/in3067-inm713/restaurants#"
"http://www.semanticweb.org/in3067-inm713/restaurants#CapelliPizza","http://www.semanticweb.org/in3067-inm713/restaurants#"
"http://www.semanticweb.org/in3067-inm713/restaurants#CheesesteakPizza","http://www.semanticweb.org/in3067-inm713/restaurants#"
"http://www.semanticweb.org/in3067-inm713/restaurants#BakedZitiPizza","http://www.semanticweb.org/in3067-inm713/restaurants#"
"http://www.semanticweb.org/in3067-inm713/restaurants#LargePizzaandMussels","http://www.semanticweb.org/in3067-inm713/restaurants#"
"http://www.semanticweb.org/in3067-inm713/restaurants#Order3LargePizzasandGetThe4thPizzaFree","http://www.semanticweb.org/in3067-inm713/restaurants#"
"http://www.semanticweb.org/in3067-inm713/restaurants#GlutenFreeCheeseTomatoThinCrustPizza","http://www.semanticweb.org/in3067-inm713/restaurants#"
"http://www.semanticweb.org/in3067-inm713/restaurants#GlutenFreeVeggieThinCrustPizza","http://www.semanticweb.org/in3067-inm713/restaurants#"
"http://www.semanticweb.org/in3067-inm713/restaurants#ChicagoClassicDeepDishPizza","http://www.semanticweb.org/in3067-inm713/restaurants#"
"http://www.semanticweb.org/in3067-inm713/restaurants#NapoliArtisanCrustPizza","http://www.semanticweb.org/in3067-inm713/restaurants#"
"http://www.semanticweb.org/in3067-inm713/restaurants#GlutenFreePepperoniThinCrustPizza","http://www.semanticweb.org/in3067-inm713/restaurants#"
"http://www.semanticweb.org/in3067-inm713/restaurants#ClassicMargheritaArtisanCrustPizza","http://www.semanticweb.org/in3067-inm713/restaurants#"
"http://www.semanticweb.org/in3067-inm713/restaurants#ProsciuttoArugulaArtisanCrustPizza","http://www.semanticweb.org/in3067-inm713/restaurants#"
"http://www.semanticweb.org/in3067-inm713/restaurants#PizzaSkins","http://www.semanticweb.org/in3067-inm713/restaurants#"
"http://www.semanticweb.org/in3067-inm713/restaurants#ChickenVerdeArtisanCrustPizza","http://www.semanticweb.org/in3067-inm713/restaurants#"
"http://www.semanticweb.org/in3067-inm713/restaurants#PepperoniPizza","http://www.semanticweb.org/in3067-inm713/restaurants#"
"http://www.semanticweb.org/in3067-inm713/restaurants#HouseMadePizza","http://www.semanticweb.org/in3067-inm713/restaurants#"
"http://www.semanticweb.org/in3067-inm713/restaurants#PizzaBagel","http://www.semanticweb.org/in3067-inm713/restaurants#"
"http://www.semanticweb.org/in3067-inm713/restaurants#MexicanPizzaDip","http://www.semanticweb.org/in3067-inm713/restaurants#"
"http://www.semanticweb.org/in3067-inm713/restaurants#ByoPizza","http://www.semanticweb.org/in3067-inm713/restaurants#"
"http://www.semanticweb.org/in3067-inm713/restaurants#CaliforniaPizza","http://www.semanticweb.org/in3067-inm713/restaurants#"
"http://www.semanticweb.org/in3067-inm713/restaurants#ArtichokeChickenPizza","http://www.semanticweb.org/in3067-inm713/restaurants#"
"http://www.semanticweb.org/in3067-inm713/restaurants#PizzaMia","http://www.semanticweb.org/in3067-inm713/restaurants#"
"http://www.semanticweb.org/in3067-inm713/restaurants#ChickenClubPizza","http://www.semanticweb.org/in3067-inm713/restaurants#"
"http://www.semanticweb.org/in3067-inm713/restaurants#BarbecueChickenPizza","http://www.semanticweb.org/in3067-inm713/restaurants#"
"http://www.semanticweb.org/in3067-inm713/restaurants#BbqChickenPizza","http://www.semanticweb.org/in3067-inm713/restaurants#"
"http://www.semanticweb.org/in3067-inm713/restaurants#WoodFireGrilledPizza","http://www.semanticweb.org/in3067-inm713/restaurants#"
"http://www.semanticweb.org/in3067-inm713/restaurants#SmokedChickenBbqPizza","http://www.semanticweb.org/in3067-inm713/restaurants#"
"http://www.semanticweb.org/in3067-inm713/restaurants#SpinachArtichokePizza","http://www.semanticweb.org/in3067-inm713/restaurants#"
"http://www.semanticweb.org/in3067-inm713/restaurants#FrenchBreadPizza","http://www.semanticweb.org/in3067-inm713/restaurants#"
"http://www.semanticweb.org/in3067-inm713/restaurants#BuildYourOwnPizza","http://www.semanticweb.org/in3067-inm713/restaurants#"
"http://www.semanticweb.org/in3067-inm713/restaurants#RoastedVegetablePizza","http://www.semanticweb.org/in3067-inm713/restaurants#"
"http://www.semanticweb.org/in3067-inm713/restaurants#TheEverythingPizza","http://www.semanticweb.org/in3067-inm713/restaurants#"
"http://www.semanticweb.org/in3067-inm713/restaurants#ThaiDyePizza","http://www.semanticweb.org/in3067-inm713/restaurants#"
"http://www.semanticweb.org/in3067-inm713/restaurants#GlutenFreeVegOutPizza","http://www.semanticweb.org/in3067-inm713/restaurants#"
"http://www.semanticweb.org/in3067-inm713/restaurants#SpicyMeatPizza","http://www.semanticweb.org/in3067-inm713/restaurants#"
"http://www.semanticweb.org/in3067-inm713/restaurants#RomanaPizza","http://www.semanticweb.org/in3067-inm713/restaurants#"
"http://www.semanticweb.org/in3067-inm713/restaurants#TreColoriPizza","http://www.semanticweb.org/in3067-inm713/restaurants#"
"http://www.semanticweb.org/in3067-inm713/restaurants#ProvencalPizza","http://www.semanticweb.org/in3067-inm713/restaurants#"
"http://www.semanticweb.org/in3067-inm713/restaurants#MarinaraPizza","http://www.semanticweb.org/in3067-inm713/restaurants#"
"http://www.semanticweb.org/in3067-inm713/restaurants#FreshMushroomPizza","http://www.semanticweb.org/in3067-inm713/restaurants#"
"http://www.semanticweb.org/in3067-inm713/restaurants#ToscanaPizza","http://www.semanticweb.org/in3067-inm713/restaurants#"
"http://www.semanticweb.org/in3067-inm713/restaurants#NapolitanaPizza","http://www.semanticweb.org/in3067-inm713/restaurants#"
"http://www.semanticweb.org/in3067-inm713/restaurants#ThinCrustorDeepDishPizza","http://www.semanticweb.org/in3067-inm713/restaurants#"
"http://www.semanticweb.org/in3067-inm713/restaurants#MiniCheeseandTomatoDeepDishPizza","http://www.semanticweb.org/in3067-inm713/restaurants#"
"http://www.semanticweb.org/in3067-inm713/restaurants#MakeYourOwnPizza","http://www.semanticweb.org/in3067-inm713/restaurants#"
"http://www.semanticweb.org/in3067-inm713/restaurants#HalfPizzas","http://www.semanticweb.org/in3067-inm713/restaurants#"
"http://www.semanticweb.org/in3067-inm713/restaurants#MyopMakeYourOwnPizza","http://www.semanticweb.org/in3067-inm713/restaurants#"
"http://www.semanticweb.org/in3067-inm713/restaurants#MiniCheeseorPepperoniThinCrustPizza","http://www.semanticweb.org/in3067-inm713/restaurants#"
"http://www.semanticweb.org/in3067-inm713/restaurants#PizzaofTheDay","http://www.semanticweb.org/in3067-inm713/restaurants#"
"http://www.semanticweb.org/in3067-inm713/restaurants#PizzaorCalzone","http://www.semanticweb.org/in3067-inm713/restaurants#"
"http://www.semanticweb.org/in3067-inm713/restaurants#BiancaPizza","http://www.semanticweb.org/in3067-inm713/restaurants#"
"http://www.semanticweb.org/in3067-inm713/restaurants#SuperPizzaSub","http://www.semanticweb.org/in3067-inm713/restaurants#"
"http://www.semanticweb.org/in3067-inm713/restaurants#MeatLoverPizza","http://www.semanticweb.org/in3067-inm713/restaurants#"
"http://www.semanticweb.org/in3067-inm713/restaurants#MeatPizza","http://www.semanticweb.org/in3067-inm713/restaurants#"
"http://www.semanticweb.org/in3067-inm713/restaurants#DeluxePizza","http://www.semanticweb.org/in3067-inm713/restaurants#"
"http://www.semanticweb.org/in3067-inm713/restaurants#VegetablePizza","http://www.semanticweb.org/in3067-inm713/restaurants#"
"http://www.semanticweb.org/in3067-inm713/restaurants#ChocolateChipPizza","http://www.semanticweb.org/in3067-inm713/restaurants#"
"http://www.semanticweb.org/in3067-inm713/restaurants#RollatiniPizza","http://www.semanticweb.org/in3067-inm713/restaurants#"
"http://www.semanticweb.org/in3067-inm713/restaurants#GourmetChickenRanchPizza","http://www.semanticweb.org/in3067-inm713/restaurants#"
"http://www.semanticweb.org/in3067-inm713/restaurants#MexicoCityPizza","http://www.semanticweb.org/in3067-inm713/restaurants#"
"http://www.semanticweb.org/in3067-inm713/restaurants#GourmetMeatPizzatm","http://www.semanticweb.org/in3067-inm713/restaurants#"
"http://www.semanticweb.org/in3067-inm713/restaurants#MexicoCityGrillPizza","http://www.semanticweb.org/in3067-inm713/restaurants#"
"http://www.semanticweb.org/in3067-inm713/restaurants#GrilledChickenPizza","http://www.semanticweb.org/in3067-inm713/restaurants#"
"http://www.semanticweb.org/in3067-inm713/restaurants#BuffaloPizza","http://www.semanticweb.org/in3067-inm713/restaurants#"
"http://www.semanticweb.org/in3067-inm713/restaurants#PizzaBurger","http://www.semanticweb.org/in3067-inm713/restaurants#"
"http://www.semanticweb.org/in3067-inm713/restaurants#GyroPitaPizza","http://www.semanticweb.org/in3067-inm713/restaurants#"
"http://www.semanticweb.org/in3067-inm713/restaurants#GyroPizza","http://www.semanticweb.org/in3067-inm713/restaurants#"
"http://www.semanticweb.org/in3067-inm713/restaurants#HogPizza","http://www.semanticweb.org/in3067-inm713/restaurants#"
"http://www.semanticweb.org/in3067-inm713/restaurants#CaptainJeanPizza","http://www.semanticweb.org/in3067-inm713/restaurants#"
"http://www.semanticweb.org/in3067-inm713/restaurants#PizzaBread","http://www.semanticweb.org/in3067-inm713/restaurants#"
"http://www.semanticweb.org/in3067-inm713/restaurants#GreekPizza","http://www.semanticweb.org/in3067-inm713/restaurants#"
"http://www.semanticweb.org/in3067-inm713/restaurants#ManEaterMikePizza","http://www.semanticweb.org/in3067-inm713/restaurants#"
"http://www.semanticweb.org/in3067-inm713/restaurants#ManeaterMikePizza","http://www.semanticweb.org/in3067-inm713/restaurants#"
"http://www.semanticweb.org/in3067-inm713/restaurants#PirateSpecialPizza","http://www.semanticweb.org/in3067-inm713/restaurants#"
"http://www.semanticweb.org/in3067-inm713/restaurants#CoveTacoPizza","http://www.semanticweb.org/in3067-inm713/restaurants#"
"http://www.semanticweb.org/in3067-inm713/restaurants#Pizzaroni","http://www.semanticweb.org/in3067-inm713/restaurants#"
"http://www.semanticweb.org/in3067-inm713/restaurants#FamousPaisansPizzaSauceQuart","http://www.semanticweb.org/in3067-inm713/restaurants#"
"http://www.semanticweb.org/in3067-inm713/restaurants#GlutenFreePizza","http://www.semanticweb.org/in3067-inm713/restaurants#"
"http://www.semanticweb.org/in3067-inm713/restaurants#Four18Pizzas","http://www.semanticweb.org/in3067-inm713/restaurants#"
"http://www.semanticweb.org/in3067-inm713/restaurants#AdultCheesePizza","http://www.semanticweb.org/in3067-inm713/restaurants#"
"http://www.semanticweb.org/in3067-inm713/restaurants#ArtichokeandSweetPotatoPizza","http://www.semanticweb.org/in3067-inm713/restaurants#"
"http://www.semanticweb.org/in3067-inm713/restaurants#TuscanFigandOysterMushroomPizza","http://www.semanticweb.org/in3067-inm713/restaurants#"
"http://www.semanticweb.org/in3067-inm713/restaurants#SicilianStylePizza","http://www.semanticweb.org/in3067-inm713/restaurants#"
"http://www.semanticweb.org/in3067-inm713/restaurants#PepperoniPizzaSteak","http://www.semanticweb.org/in3067-inm713/restaurants#"
"http://www.semanticweb.org/in3067-inm713/restaurants#PizzaSteak","http://www.semanticweb.org/in3067-inm713/restaurants#"
"http://www.semanticweb.org/in3067-inm713/restaurants#PlainCheesePizza","http://www.semanticweb.org/in3067-inm713/restaurants#"
"http://www.semanticweb.org/in3067-inm713/restaurants#CarnePizza","http://www.semanticweb.org/in3067-inm713/restaurants#"
"http://www.semanticweb.org/in3067-inm713/restaurants#BuffaloChickenPizza","http://www.semanticweb.org/in3067-inm713/restaurants#"
"http://www.semanticweb.org/in3067-inm713/restaurants#DeluxeStylePizza","http://www.semanticweb.org/in3067-inm713/restaurants#"
"http://www.semanticweb.org/in3067-inm713/restaurants#PestoChickenPizza","http://www.semanticweb.org/in3067-inm713/restaurants#"
"http://www.semanticweb.org/in3067-inm713/restaurants#CadillacPizza","http://www.semanticweb.org/in3067-inm713/restaurants#"
"http://www.semanticweb.org/in3067-inm713/restaurants#SouthwestPizza","http://www.semanticweb.org/in3067-inm713/restaurants#"
"http://www.semanticweb.org/in3067-inm713/restaurants#ThaiChickenPizza","http://www.semanticweb.org/in3067-inm713/restaurants#"
"http://www.semanticweb.org/in3067-inm713/restaurants#BreakfastPizza","http://www.semanticweb.org/in3067-inm713/restaurants#"
"http://www.semanticweb.org/in3067-inm713/restaurants#HawaiinPizza","http://www.semanticweb.org/in3067-inm713/restaurants#"
"http://www.semanticweb.org/in3067-inm713/restaurants#CreateYourOwnPizza","http://www.semanticweb.org/in3067-inm713/restaurants#"
"http://www.semanticweb.org/in3067-inm713/restaurants#ItalianPizza","http://www.semanticweb.org/in3067-inm713/restaurants#"
"http://www.semanticweb.org/in3067-inm713/restaurants#ArthichokeHeartChickenPizza","http://www.semanticweb.org/in3067-inm713/restaurants#"
"http://www.semanticweb.org/in3067-inm713/restaurants#CombinationPizza","http://www.semanticweb.org/in3067-inm713/restaurants#"
"http://www.semanticweb.org/in3067-inm713/restaurants#GarlicChickenPizza","http://www.semanticweb.org/in3067-inm713/restaurants#"
"http://www.semanticweb.org/in3067-inm713/restaurants#FireDenSupremePizza","http://www.semanticweb.org/in3067-inm713/restaurants#"
"http://www.semanticweb.org/in3067-inm713/restaurants#PestoSaucePizzavegetarian","http://www.semanticweb.org/in3067-inm713/restaurants#"
"http://www.semanticweb.org/in3067-inm713/restaurants#PizzaSpecial","http://www.semanticweb.org/in3067-inm713/restaurants#"
"http://www.semanticweb.org/in3067-inm713/restaurants#GreekChickenPizza","http://www.semanticweb.org/in3067-inm713/restaurants#"
"http://www.semanticweb.org/in3067-inm713/restaurants#CheesePizzarito","http://www.semanticweb.org/in3067-inm713/restaurants#"
"http://www.semanticweb.org/in3067-inm713/restaurants#PizzaSlices","http://www.semanticweb.org/in3067-inm713/restaurants#"
"http://www.semanticweb.org/in3067-inm713/restaurants#VeggieorPizzaSub","http://www.semanticweb.org/in3067-inm713/restaurants#"
"http://www.semanticweb.org/in3067-inm713/restaurants#Italian","http://www.semanticweb.org/in3067-inm713/restaurants#"
"http://www.semanticweb.org/in3067-inm713/restaurants#SorrentinoPizza","http://www.semanticweb.org/in3067-inm713/restaurants#"
"http://www.semanticweb.org/in3067-inm713/restaurants#Pizza","http://www.semanticweb.org/in3067-inm713/restaurants#"
"http://www.semanticweb.org/in3067-inm713/restaurants#PizzaMarinara","http://www.semanticweb.org/in3067-inm713/restaurants#"
"http://www.semanticweb.org/in3067-inm713/restaurants#PizzaToppings","http://www.semanticweb.org/in3067-inm713/restaurants#"
"http://www.semanticweb.org/in3067-inm713/restaurants#CapresePizza","http://www.semanticweb.org/in3067-inm713/restaurants#"
"http://www.semanticweb.org/in3067-inm713/restaurants#SpecialtyPizzaToppings","http://www.semanticweb.org/in3067-inm713/restaurants#"
"http://www.semanticweb.org/in3067-inm713/restaurants#PizzaPrimavera","http://www.semanticweb.org/in3067-inm713/restaurants#"
"http://www.semanticweb.org/in3067-inm713/restaurants#SpinachPizza","http://www.semanticweb.org/in3067-inm713/restaurants#"
"http://www.semanticweb.org/in3067-inm713/restaurants#PizzaRolls","http://www.semanticweb.org/in3067-inm713/restaurants#"
"http://www.semanticweb.org/in3067-inm713/restaurants#EggscellentPizzawhite","http://www.semanticweb.org/in3067-inm713/restaurants#"
"http://www.semanticweb.org/in3067-inm713/restaurants#BroadStreetCheesePizza","http://www.semanticweb.org/in3067-inm713/restaurants#"
"http://www.semanticweb.org/in3067-inm713/restaurants#VeganPizza","http://www.semanticweb.org/in3067-inm713/restaurants#"
"http://www.semanticweb.org/in3067-inm713/restaurants#PizzaBianca","http://www.semanticweb.org/in3067-inm713/restaurants#"
"http://www.semanticweb.org/in3067-inm713/restaurants#Mushroom","http://www.semanticweb.org/in3067-inm713/restaurants#"
"http://www.semanticweb.org/in3067-inm713/restaurants#Puttenesca","http://www.semanticweb.org/in3067-inm713/restaurants#"
"http://www.semanticweb.org/in3067-inm713/restaurants#Margherita","http://www.semanticweb.org/in3067-inm713/restaurants#"
"http://www.semanticweb.org/in3067-inm713/restaurants#WhiteTruffleMeatSauce","http://www.semanticweb.org/in3067-inm713/restaurants#"
"http://www.semanticweb.org/in3067-inm713/restaurants#SalamiPiccante","http://www.semanticweb.org/in3067-inm713/restaurants#"
"http://www.semanticweb.org/in3067-inm713/restaurants#8CornerPizza","http://www.semanticweb.org/in3067-inm713/restaurants#"
"http://www.semanticweb.org/in3067-inm713/restaurants#TheOriginalBbqChickenPizza","http://www.semanticweb.org/in3067-inm713/restaurants#"
"http://www.semanticweb.org/in3067-inm713/restaurants#PhillyCheeseSteakPizza","http://www.semanticweb.org/in3067-inm713/restaurants#"
"http://www.semanticweb.org/in3067-inm713/restaurants#NewYorkStylePizza","http://www.semanticweb.org/in3067-inm713/restaurants#"
"http://www.semanticweb.org/in3067-inm713/restaurants#VeggiePizzaonHoneyWheatDough","http://www.semanticweb.org/in3067-inm713/restaurants#"
"http://www.semanticweb.org/in3067-inm713/restaurants#MargheritaPizzaonHoneyWheatDough","http://www.semanticweb.org/in3067-inm713/restaurants#"
"http://www.semanticweb.org/in3067-inm713/restaurants#RolledPizzaBites10","http://www.semanticweb.org/in3067-inm713/restaurants#"
"http://www.semanticweb.org/in3067-inm713/restaurants#PizzaSticks","http://www.semanticweb.org/in3067-inm713/restaurants#"
"http://www.semanticweb.org/in3067-inm713/restaurants#LasPizzasDelFuego","http://www.semanticweb.org/in3067-inm713/restaurants#"
"http://www.semanticweb.org/in3067-inm713/restaurants#DessertPizza","http://www.semanticweb.org/in3067-inm713/restaurants#"
"http://www.semanticweb.org/in3067-inm713/restaurants#BaconPizzaburger","http://www.semanticweb.org/in3067-inm713/restaurants#"
"http://www.semanticweb.org/in3067-inm713/restaurants#TheWhitePizza","http://www.semanticweb.org/in3067-inm713/restaurants#"
"http://www.semanticweb.org/in3067-inm713/restaurants#BbqPizza","http://www.semanticweb.org/in3067-inm713/restaurants#"
"http://www.semanticweb.org/in3067-inm713/restaurants#PizzaBagelplain","http://www.semanticweb.org/in3067-inm713/restaurants#"
"http://www.semanticweb.org/in3067-inm713/restaurants#PizzaBagelWithMushroom","http://www.semanticweb.org/in3067-inm713/restaurants#"
"http://www.semanticweb.org/in3067-inm713/restaurants#PizzaBagelWithPepperoniandMushroom","http://www.semanticweb.org/in3067-inm713/restaurants#"
"http://www.semanticweb.org/in3067-inm713/restaurants#PizzaBagelWithPepperoni","http://www.semanticweb.org/in3067-inm713/restaurants#"
"http://www.semanticweb.org/in3067-inm713/restaurants#ChicagoDeepDishPizza","http://www.semanticweb.org/in3067-inm713/restaurants#"
"http://www.semanticweb.org/in3067-inm713/restaurants#PizzaToppingDippers","http://www.semanticweb.org/in3067-inm713/restaurants#"
"http://www.semanticweb.org/in3067-inm713/restaurants#OhioRiverPizza","http://www.semanticweb.org/in3067-inm713/restaurants#"
"http://www.semanticweb.org/in3067-inm713/restaurants#SeafoodPizza","http://www.semanticweb.org/in3067-inm713/restaurants#"
"http://www.semanticweb.org/in3067-inm713/restaurants#BlastFurnacePizza","http://www.semanticweb.org/in3067-inm713/restaurants#"
"http://www.semanticweb.org/in3067-inm713/restaurants#RiverTownPizza","http://www.semanticweb.org/in3067-inm713/restaurants#"
"http://www.semanticweb.org/in3067-inm713/restaurants#ReubenPizza","http://www.semanticweb.org/in3067-inm713/restaurants#"
"http://www.semanticweb.org/in3067-inm713/restaurants#PierogiPizza","http://www.semanticweb.org/in3067-inm713/restaurants#"
"http://www.semanticweb.org/in3067-inm713/restaurants#PiranhaPizza","http://www.semanticweb.org/in3067-inm713/restaurants#"
"http://www.semanticweb.org/in3067-inm713/restaurants#TheYoughighenyPizza","http://www.semanticweb.org/in3067-inm713/restaurants#"
"http://www.semanticweb.org/in3067-inm713/restaurants#PlainorPepperoniPizza","http://www.semanticweb.org/in3067-inm713/restaurants#"
"http://www.semanticweb.org/in3067-inm713/restaurants#JonesStreetPizza","http://www.semanticweb.org/in3067-inm713/restaurants#"
"http://www.semanticweb.org/in3067-inm713/restaurants#DarkHollowPizza","http://www.semanticweb.org/in3067-inm713/restaurants#"
"http://www.semanticweb.org/in3067-inm713/restaurants#PizzaLogs","http://www.semanticweb.org/in3067-inm713/restaurants#"
"http://www.semanticweb.org/in3067-inm713/restaurants#ChickenParmesanPizza","http://www.semanticweb.org/in3067-inm713/restaurants#"
"http://www.semanticweb.org/in3067-inm713/restaurants#WhitePizzaSub","http://www.semanticweb.org/in3067-inm713/restaurants#"
"http://www.semanticweb.org/in3067-inm713/restaurants#StingerPizza","http://www.semanticweb.org/in3067-inm713/restaurants#"
"http://www.semanticweb.org/in3067-inm713/restaurants#BltorPizzaSub","http://www.semanticweb.org/in3067-inm713/restaurants#"
"http://www.semanticweb.org/in3067-inm713/restaurants#SmallSupremePizza","http://www.semanticweb.org/in3067-inm713/restaurants#"
"http://www.semanticweb.org/in3067-inm713/restaurants#SmallCheesePizza","http://www.semanticweb.org/in3067-inm713/restaurants#"
"http://www.semanticweb.org/in3067-inm713/restaurants#LargeCheesePizza","http://www.semanticweb.org/in3067-inm713/restaurants#"
"http://www.semanticweb.org/in3067-inm713/restaurants#LargeSupremePizza","http://www.semanticweb.org/in3067-inm713/restaurants#"
"http://www.semanticweb.org/in3067-inm713/restaurants#MushroomHunterPizza","http://www.semanticweb.org/in3067-inm713/restaurants#"
"http://www.semanticweb.org/in3067-inm713/restaurants#CalifornianPizza","http://www.semanticweb.org/in3067-inm713/restaurants#"
"http://www.semanticweb.org/in3067-inm713/restaurants#MediterraneanPizza","http://www.semanticweb.org/in3067-inm713/restaurants#"
"http://www.semanticweb.org/in3067-inm713/restaurants#CheeseSteakPizza","http://www.semanticweb.org/in3067-inm713/restaurants#"
"http://www.semanticweb.org/in3067-inm713/restaurants#TwoSlicesofCheesePizza","http://www.semanticweb.org/in3067-inm713/restaurants#"
"http://www.semanticweb.org/in3067-inm713/restaurants#MonteCarloPizzawhite","http://www.semanticweb.org/in3067-inm713/restaurants#"
"http://www.semanticweb.org/in3067-inm713/restaurants#VeggieLoversPizza","http://www.semanticweb.org/in3067-inm713/restaurants#"
"http://www.semanticweb.org/in3067-inm713/restaurants#ItalianoPizza","http://www.semanticweb.org/in3067-inm713/restaurants#"
"http://www.semanticweb.org/in3067-inm713/restaurants#PersonalPizza","http://www.semanticweb.org/in3067-inm713/restaurants#"
"http://www.semanticweb.org/in3067-inm713/restaurants#FourPigPizza","http://www.semanticweb.org/in3067-inm713/restaurants#"
"http://www.semanticweb.org/in3067-inm713/restaurants#PizzaPretzel","http://www.semanticweb.org/in3067-inm713/restaurants#"
"http://www.semanticweb.org/in3067-inm713/restaurants#PizzaRoll","http://www.semanticweb.org/in3067-inm713/restaurants#"
"http://www.semanticweb.org/in3067-inm713/restaurants#PepperoniPizzaBurger","http://www.semanticweb.org/in3067-inm713/restaurants#"
"http://www.semanticweb.org/in3067-inm713/restaurants#ChickenPizzaSteak","http://www.semanticweb.org/in3067-inm713/restaurants#"
"http://www.semanticweb.org/in3067-inm713/restaurants#PepperoniChickenPizzaSteak","http://www.semanticweb.org/in3067-inm713/restaurants#"
"http://www.semanticweb.org/in3067-inm713/restaurants#PepperoniPizzaPretzel","http://www.semanticweb.org/in3067-inm713/restaurants#"
"http://www.semanticweb.org/in3067-inm713/restaurants#BronxBomberPizza","http://www.semanticweb.org/in3067-inm713/restaurants#"
"http://www.semanticweb.org/in3067-inm713/restaurants#FunghiPizza","http://www.semanticweb.org/in3067-inm713/restaurants#"
"http://www.semanticweb.org/in3067-inm713/restaurants#NutellaPizza","http://www.semanticweb.org/in3067-inm713/restaurants#"
"http://www.semanticweb.org/in3067-inm713/restaurants#FormaggiPizza","http://www.semanticweb.org/in3067-inm713/restaurants#"
"http://www.semanticweb.org/in3067-inm713/restaurants#BruhaPizza","http://www.semanticweb.org/in3067-inm713/restaurants#"
"http://www.semanticweb.org/in3067-inm713/restaurants#ArugulaPizzaseasonal","http://www.semanticweb.org/in3067-inm713/restaurants#"
"http://www.semanticweb.org/in3067-inm713/restaurants#PestoPizzaseasonal","http://www.semanticweb.org/in3067-inm713/restaurants#"
"http://www.semanticweb.org/in3067-inm713/restaurants#FennelPizzaseasonal","http://www.semanticweb.org/in3067-inm713/restaurants#"
"http://www.semanticweb.org/in3067-inm713/restaurants#AutumnPizzaseasonal","http://www.semanticweb.org/in3067-inm713/restaurants#"
"http://www.semanticweb.org/in3067-inm713/restaurants#VodkaSaucePizza","http://www.semanticweb.org/in3067-inm713/restaurants#"
"http://www.semanticweb.org/in3067-inm713/restaurants#PizzaBoyCitraPils4","http://www.semanticweb.org/in3067-inm713/restaurants#"
"http://www.semanticweb.org/in3067-inm713/restaurants#GardenPizza","http://www.semanticweb.org/in3067-inm713/restaurants#"
"http://www.semanticweb.org/in3067-inm713/restaurants#MargaritaPizza","http://www.semanticweb.org/in3067-inm713/restaurants#"
"http://www.semanticweb.org/in3067-inm713/restaurants#SupremePizza","http://www.semanticweb.org/in3067-inm713/restaurants#"
"http://www.semanticweb.org/in3067-inm713/restaurants#PizzaBites","http://www.semanticweb.org/in3067-inm713/restaurants#"
"http://www.semanticweb.org/in3067-inm713/restaurants#SteakPizza","http://www.semanticweb.org/in3067-inm713/restaurants#"
"http://www.semanticweb.org/in3067-inm713/restaurants#VeggieorMeatDeluxePizza","http://www.semanticweb.org/in3067-inm713/restaurants#"
"http://www.semanticweb.org/in3067-inm713/restaurants#SupremeDeluxePizza","http://www.semanticweb.org/in3067-inm713/restaurants#"
"http://www.semanticweb.org/in3067-inm713/restaurants#PizzaByTheSlice","http://www.semanticweb.org/in3067-inm713/restaurants#"
"http://www.semanticweb.org/in3067-inm713/restaurants#TheReubenPizza","http://www.semanticweb.org/in3067-inm713/restaurants#"
"http://www.semanticweb.org/in3067-inm713/restaurants#VeggieComboPizza","http://www.semanticweb.org/in3067-inm713/restaurants#"
"http://www.semanticweb.org/in3067-inm713/restaurants#PizzaSlice","http://www.semanticweb.org/in3067-inm713/restaurants#"
"http://www.semanticweb.org/in3067-inm713/restaurants#VeggieSupremePizza","http://www.semanticweb.org/in3067-inm713/restaurants#"
"http://www.semanticweb.org/in3067-inm713/restaurants#SupremeComboPizza","http://www.semanticweb.org/in3067-inm713/restaurants#"
"http://www.semanticweb.org/in3067-inm713/restaurants#CheesyPitaPizza","http://www.semanticweb.org/in3067-inm713/restaurants#"
"http://www.semanticweb.org/in3067-inm713/restaurants#PitaPizza","http://www.semanticweb.org/in3067-inm713/restaurants#"
"http://www.semanticweb.org/in3067-inm713/restaurants#NeapolitanStylePizza","http://www.semanticweb.org/in3067-inm713/restaurants#"
"http://www.semanticweb.org/in3067-inm713/restaurants#MexicanPizza","http://www.semanticweb.org/in3067-inm713/restaurants#"
"http://www.semanticweb.org/in3067-inm713/restaurants#PizzaMargherita","http://www.semanticweb.org/in3067-inm713/restaurants#"
"http://www.semanticweb.org/in3067-inm713/restaurants#PizzaSchiacchiataAllaToscana","http://www.semanticweb.org/in3067-inm713/restaurants#"
"http://www.semanticweb.org/in3067-inm713/restaurants#PizzaBomba","http://www.semanticweb.org/in3067-inm713/restaurants#"
"http://www.semanticweb.org/in3067-inm713/restaurants#PizzaBlanca","http://www.semanticweb.org/in3067-inm713/restaurants#"
"http://www.semanticweb.org/in3067-inm713/restaurants#FruitPizza","http://www.semanticweb.org/in3067-inm713/restaurants#"
"http://www.semanticweb.org/in3067-inm713/restaurants#CaeserSaldPizza","http://www.semanticweb.org/in3067-inm713/restaurants#"
"http://www.semanticweb.org/in3067-inm713/restaurants#PizzaUpsideDown","http://www.semanticweb.org/in3067-inm713/restaurants#"
"http://www.semanticweb.org/in3067-inm713/restaurants#GrandmaPizzaroundorSquare","http://www.semanticweb.org/in3067-inm713/restaurants#"
"http://www.semanticweb.org/in3067-inm713/restaurants#PizzaVodkaSauce","http://www.semanticweb.org/in3067-inm713/restaurants#"
"http://www.semanticweb.org/in3067-inm713/restaurants#RegularChickenPizza","http://www.semanticweb.org/in3067-inm713/restaurants#"
"http://www.semanticweb.org/in3067-inm713/restaurants#PizzaWhite","http://www.semanticweb.org/in3067-inm713/restaurants#"
"http://www.semanticweb.org/in3067-inm713/restaurants#BrickOvenPizzaAlMetro","http://www.semanticweb.org/in3067-inm713/restaurants#"
"http://www.semanticweb.org/in3067-inm713/restaurants#FriedPizza","http://www.semanticweb.org/in3067-inm713/restaurants#"
"http://www.semanticweb.org/in3067-inm713/restaurants#PorkTenderloinPizzaiola","http://www.semanticweb.org/in3067-inm713/restaurants#"
"http://www.semanticweb.org/in3067-inm713/restaurants#PizzaDough","http://www.semanticweb.org/in3067-inm713/restaurants#"
"http://www.semanticweb.org/in3067-inm713/restaurants#RoundPizzaByTheSlice","http://www.semanticweb.org/in3067-inm713/restaurants#"
"http://www.semanticweb.org/in3067-inm713/restaurants#KidsSizePizza","http://www.semanticweb.org/in3067-inm713/restaurants#"
"http://www.semanticweb.org/in3067-inm713/restaurants#SushiPizza","http://www.semanticweb.org/in3067-inm713/restaurants#"
"http://www.semanticweb.org/in3067-inm713/restaurants#WoodOvenPizza","http://www.semanticweb.org/in3067-inm713/restaurants#"
"http://www.semanticweb.org/in3067-inm713/restaurants#VegetarianMexicanPizza","http://www.semanticweb.org/in3067-inm713/restaurants#"
"http://www.semanticweb.org/in3067-inm713/restaurants#HomemadeMexicanPizza","http://www.semanticweb.org/in3067-inm713/restaurants#"
"http://www.semanticweb.org/in3067-inm713/restaurants#ChinesePizza","http://www.semanticweb.org/in3067-inm713/restaurants#"
"http://www.semanticweb.org/in3067-inm713/restaurants#ByopbuildYourOwnPizza","http://www.semanticweb.org/in3067-inm713/restaurants#"
"http://www.semanticweb.org/in3067-inm713/restaurants#OriginalHerbCheesePizzaPoints","http://www.semanticweb.org/in3067-inm713/restaurants#"
"http://www.semanticweb.org/in3067-inm713/restaurants#GreatTastingCheesePizza","http://www.semanticweb.org/in3067-inm713/restaurants#"
"http://www.semanticweb.org/in3067-inm713/restaurants#TheOriginalCheesePizza","http://www.semanticweb.org/in3067-inm713/restaurants#"
"http://www.semanticweb.org/in3067-inm713/restaurants#ChickenPizza","http://www.semanticweb.org/in3067-inm713/restaurants#"
"http://www.semanticweb.org/in3067-inm713/restaurants#PizzaDoughFlats","http://www.semanticweb.org/in3067-inm713/restaurants#"
"http://www.semanticweb.org/in3067-inm713/restaurants#PizzaDoughBalls","http://www.semanticweb.org/in3067-inm713/restaurants#"
"http://www.semanticweb.org/in3067-inm713/restaurants#SpicyTunaPizzaorSpicySalmonPizza","http://www.semanticweb.org/in3067-inm713/restaurants#"
"http://www.semanticweb.org/in3067-inm713/restaurants#VeganMargheritaPizza","http://www.semanticweb.org/in3067-inm713/restaurants#"
"http://www.semanticweb.org/in3067-inm713/restaurants#PizzaConUovoFritto","http://www.semanticweb.org/in3067-inm713/restaurants#"
"http://www.semanticweb.org/in3067-inm713/restaurants#FlatbreadPizzaofTheDay","http://www.semanticweb.org/in3067-inm713/restaurants#"
"http://www.semanticweb.org/in3067-inm713/restaurants#MeatballPizza","http://www.semanticweb.org/in3067-inm713/restaurants#"
"http://www.semanticweb.org/in3067-inm713/restaurants#GrilledPizza","http://www.semanticweb.org/in3067-inm713/restaurants#"
"http://www.semanticweb.org/in3067-inm713/restaurants#1ToppingPizza","http://www.semanticweb.org/in3067-inm713/restaurants#"
"http://www.semanticweb.org/in3067-inm713/restaurants#2ToppingsPizza","http://www.semanticweb.org/in3067-inm713/restaurants#"
"http://www.semanticweb.org/in3067-inm713/restaurants#WholePizza","http://www.semanticweb.org/in3067-inm713/restaurants#"
"http://www.semanticweb.org/in3067-inm713/restaurants#ToThePriceofAnyPizza","http://www.semanticweb.org/in3067-inm713/restaurants#"
"http://www.semanticweb.org/in3067-inm713/restaurants#PizzaSandwich","http://www.semanticweb.org/in3067-inm713/restaurants#"
"http://www.semanticweb.org/in3067-inm713/restaurants#TunaPizza","http://www.semanticweb.org/in3067-inm713/restaurants#"
"http://www.semanticweb.org/in3067-inm713/restaurants#MeatLoversPizza","http://www.semanticweb.org/in3067-inm713/restaurants#"
"http://www.semanticweb.org/in3067-inm713/restaurants#ThinCrustMargaritaPizza","http://www.semanticweb.org/in3067-inm713/restaurants#"
"http://www.semanticweb.org/in3067-inm713/restaurants#PizzaConFormaggio","http://www.semanticweb.org/in3067-inm713/restaurants#"
"http://www.semanticweb.org/in3067-inm713/restaurants#MiniPizza","http://www.semanticweb.org/in3067-inm713/restaurants#"
"http://www.semanticweb.org/in3067-inm713/restaurants#UltimateSupremePizza","http://www.semanticweb.org/in3067-inm713/restaurants#"
"http://www.semanticweb.org/in3067-inm713/restaurants#3MeatTreatPizza","http://www.semanticweb.org/in3067-inm713/restaurants#"
"http://www.semanticweb.org/in3067-inm713/restaurants#DeepDishPizza","http://www.semanticweb.org/in3067-inm713/restaurants#"
"http://www.semanticweb.org/in3067-inm713/restaurants#SausageOnionJamPizza","http://www.semanticweb.org/in3067-inm713/restaurants#"
"http://www.semanticweb.org/in3067-inm713/restaurants#PizzaCombo","http://www.semanticweb.org/in3067-inm713/restaurants#"
"http://www.semanticweb.org/in3067-inm713/restaurants#MopedPizza","http://www.semanticweb.org/in3067-inm713/restaurants#"
"http://www.semanticweb.org/in3067-inm713/restaurants#SmallPepperoniorCheesePizza","http://www.semanticweb.org/in3067-inm713/restaurants#"
"http://www.semanticweb.org/in3067-inm713/restaurants#TruffledEggPizza","http://www.semanticweb.org/in3067-inm713/restaurants#"
"http://www.semanticweb.org/in3067-inm713/restaurants#KhansKoreanPizza","http://www.semanticweb.org/in3067-inm713/restaurants#"
"http://www.semanticweb.org/in3067-inm713/restaurants#LoadedSteakPizza","http://www.semanticweb.org/in3067-inm713/restaurants#"
"http://www.semanticweb.org/in3067-inm713/restaurants#ChickenSupremePizza","http://www.semanticweb.org/in3067-inm713/restaurants#"
"http://www.semanticweb.org/in3067-inm713/restaurants#PizzaBruschetta","http://www.semanticweb.org/in3067-inm713/restaurants#"
"http://www.semanticweb.org/in3067-inm713/restaurants#BerlinPizza","http://www.semanticweb.org/in3067-inm713/restaurants#"
"http://www.semanticweb.org/in3067-inm713/restaurants#ShrimpScampiPizza","http://www.semanticweb.org/in3067-inm713/restaurants#"
"http://www.semanticweb.org/in3067-inm713/restaurants#CheesyBreadPizzafull","http://www.semanticweb.org/in3067-inm713/restaurants#"
"http://www.semanticweb.org/in3067-inm713/restaurants#SpicyBuffaloPizza","http://www.semanticweb.org/in3067-inm713/restaurants#"
"http://www.semanticweb.org/in3067-inm713/restaurants#PizzaMexicana","http://www.semanticweb.org/in3067-inm713/restaurants#"
"http://www.semanticweb.org/in3067-inm713/restaurants#MargaritaFlatBreadPizza","http://www.semanticweb.org/in3067-inm713/restaurants#"
"http://www.semanticweb.org/in3067-inm713/restaurants#ClassicPepperoniLahvoshPizza","http://www.semanticweb.org/in3067-inm713/restaurants#"
